{"cameraMode":{"drawMode":0,"name":"Shaded","section":"Shading Mode"},"sceneLighting":false,"audioPlay":false,"sceneViewState":{"showFog":true,"showMaterialUpdate":true,"showSkybox":false,"showFlares":true,"showImageEffects":true,"showParticleSystems":true},"in2DMode":false,"pivot":{"x":-1.0490891933441163,"y":0.60833340883255,"z":-0.6144288778305054},"rotation":{"x":-0.015047215856611729,"y":0.9847559928894043,"z":0.11125458776950836,"w":0.13315126299858094},"size":3.7097713947296144,"orthographic":true}