{"cameraMode":{"drawMode":0,"name":"Shaded","section":"Shading Mode"},"sceneLighting":true,"audioPlay":false,"sceneViewState":{"showFog":true,"showMaterialUpdate":true,"showSkybox":false,"showFlares":true,"showImageEffects":true,"showParticleSystems":true},"in2DMode":false,"pivot":{"x":0.6046218872070313,"y":-1.7323589324951172,"z":56.54975891113281},"rotation":{"x":0.33153024315834048,"y":-0.3861052989959717,"z":0.15104636549949647,"w":0.8474708795547485},"size":38.729591369628909,"orthographic":true}